date,heure,type,sous_type,nom,occupe,capacite,taux_saturation
2026-01-12 10:14:29.705077,10,Piscine,Sport,Judaïque - Ouest,0,500,0.0
2026-01-12 10:14:29.705077,10,Piscine,Sport,Judaïque - Est,0,500,0.0
2026-01-12 10:14:29.705077,10,Mobilité,Parking P+R,Parc-Relais La Gardette Nord,150,242,62.0
2026-01-12 10:14:29.705077,10,Mobilité,Parking Centre,Tourny,577,950,60.7
2026-01-12 10:14:29.705077,10,Mobilité,Parking P+R,Parc-Relais La Gardette Sud,28,151,18.5
2026-01-12 10:14:29.705077,10,Mobilité,Parking P+R,Parc-Relais Stalingrad,120,120,100.0
2026-01-12 10:14:29.705077,10,Mobilité,Parking P+R,Parc-Relais Galin,277,279,99.3
2026-01-12 10:14:29.705077,10,Mobilité,Parking Centre,Victor Hugo,439,634,69.2
2026-01-12 10:14:29.705077,10,Mobilité,Parking Centre,Grands Hommes,188,415,45.3
2026-01-12 10:14:29.705077,10,Mobilité,Parking Centre,Bourse - Jaures,438,1300,33.7
2026-01-12 10:14:29.705077,10,Mobilité,Parking P+R,Parc-Relais Ravezies Le Bouscat,309,366,84.4
2026-01-12 10:14:29.705077,10,Mobilité,Parking P+R,Parc-Relais Quatre Chemins,199,396,50.3
2026-01-12 10:14:29.705077,10,Mobilité,Parking P+R,Parc-Relais Brandenburg,209,211,99.1
2026-01-12 10:14:29.705077,10,Mobilité,Parking P+R,Parc-Relais Arlac,1,393,0.3
2026-01-12 10:46:37.665130,10,Piscine,Sport,Judaïque - Ouest,0,500,0.0
2026-01-12 10:46:37.665130,10,Piscine,Sport,Judaïque - Est,0,500,0.0
2026-01-12 10:46:37.665130,10,Mobilité,Parking P+R,Parc-Relais La Gardette Nord,152,242,62.8
2026-01-12 10:46:37.665130,10,Mobilité,Parking Centre,Grands Hommes,205,415,49.4
2026-01-12 10:46:37.665130,10,Mobilité,Parking P+R,Parc-Relais Quatre Chemins,202,396,51.0
2026-01-12 10:46:37.665130,10,Mobilité,Parking P+R,Parc-Relais Stalingrad,120,120,100.0
2026-01-12 10:46:37.665130,10,Mobilité,Parking P+R,Parc-Relais Galin,279,279,100.0
2026-01-12 10:46:37.665130,10,Mobilité,Parking P+R,Parc-Relais Brandenburg,211,211,100.0
2026-01-12 10:46:37.665130,10,Mobilité,Parking Centre,Victor Hugo,441,634,69.6
2026-01-12 10:46:37.665130,10,Mobilité,Parking Centre,Tourny,627,950,66.0
2026-01-12 10:46:37.665130,10,Mobilité,Parking P+R,Parc-Relais La Gardette Sud,28,151,18.5
2026-01-12 10:46:37.665130,10,Mobilité,Parking Centre,Bourse - Jaures,459,1300,35.3
2026-01-12 10:46:37.665130,10,Mobilité,Parking P+R,Parc-Relais Ravezies Le Bouscat,311,366,85.0
2026-01-12 10:46:37.665130,10,Mobilité,Parking P+R,Parc-Relais Arlac,2,393,0.5
2026-01-12 11:00:31.978557,11,Piscine,Sport,Judaïque - Ouest,0,500,0.0
2026-01-12 11:00:31.978557,11,Piscine,Sport,Judaïque - Est,0,500,0.0
2026-01-12 11:00:31.978557,11,Mobilité,Parking P+R,Parc-Relais La Gardette Nord,151,242,62.4
2026-01-12 11:00:31.978557,11,Mobilité,Parking Centre,Tourny,634,950,66.7
2026-01-12 11:00:31.978557,11,Mobilité,Parking P+R,Parc-Relais Arlac,2,393,0.5
2026-01-12 11:00:31.978557,11,Mobilité,Parking P+R,Parc-Relais Brandenburg,206,211,97.6
2026-01-12 11:00:31.978557,11,Mobilité,Parking Centre,Victor Hugo,442,634,69.7
2026-01-12 11:00:31.978557,11,Mobilité,Parking Centre,Bourse - Jaures,470,1300,36.2
2026-01-12 11:00:31.978557,11,Mobilité,Parking P+R,Parc-Relais La Gardette Sud,28,151,18.5
2026-01-12 11:00:31.978557,11,Mobilité,Parking Centre,Grands Hommes,207,415,49.9
2026-01-12 11:00:31.978557,11,Mobilité,Parking P+R,Parc-Relais Ravezies Le Bouscat,313,366,85.5
2026-01-12 11:00:31.978557,11,Mobilité,Parking P+R,Parc-Relais Quatre Chemins,199,396,50.3
2026-01-12 11:00:31.978557,11,Mobilité,Parking P+R,Parc-Relais Stalingrad,120,120,100.0
2026-01-12 11:00:31.978557,11,Mobilité,Parking P+R,Parc-Relais Galin,278,279,99.6
2026-01-12 11:31:53.378920,11,Piscine,Sport,Judaïque - Est,0,500,0.0
2026-01-12 11:31:53.378920,11,Piscine,Sport,Judaïque - Ouest,0,500,0.0
2026-01-12 11:31:53.378920,11,Mobilité,Parking P+R,Parc-Relais La Gardette Nord,147,242,60.7
2026-01-12 11:31:53.378920,11,Mobilité,Parking Centre,Bourse - Jaures,505,1300,38.8
2026-01-12 11:31:53.378920,11,Mobilité,Parking P+R,Parc-Relais Quatre Chemins,192,396,48.5
2026-01-12 11:31:53.378920,11,Mobilité,Parking P+R,Parc-Relais Stalingrad,120,120,100.0
2026-01-12 11:31:53.378920,11,Mobilité,Parking P+R,Parc-Relais Galin,279,279,100.0
2026-01-12 11:31:53.378920,11,Mobilité,Parking Centre,Victor Hugo,447,634,70.5
2026-01-12 11:31:53.378920,11,Mobilité,Parking P+R,Parc-Relais Ravezies Le Bouscat,311,366,85.0
2026-01-12 11:31:53.378920,11,Mobilité,Parking P+R,Parc-Relais Arlac,1,393,0.3
2026-01-12 11:31:53.378920,11,Mobilité,Parking P+R,Parc-Relais Brandenburg,204,211,96.7
2026-01-12 11:31:53.378920,11,Mobilité,Parking Centre,Tourny,663,950,69.8
2026-01-12 11:31:53.378920,11,Mobilité,Parking Centre,Grands Hommes,223,415,53.7
2026-01-12 11:31:53.378920,11,Mobilité,Parking P+R,Parc-Relais La Gardette Sud,30,151,19.9
2026-01-12 11:49:58.804317,11,Piscine,Sport,Judaïque - Ouest,0,500,0.0
2026-01-12 11:49:58.804317,11,Piscine,Sport,Judaïque - Est,0,500,0.0
2026-01-12 11:49:58.804317,11,Mobilité,Parking Centre,Victor Hugo,442,634,69.7
2026-01-12 11:49:58.804317,11,Mobilité,Parking Centre,Grands Hommes,219,415,52.8
2026-01-12 11:49:58.804317,11,Mobilité,Parking P+R,Parc-Relais Ravezies Le Bouscat,313,366,85.5
2026-01-12 11:49:58.804317,11,Mobilité,Parking P+R,Parc-Relais Stalingrad,120,120,100.0
2026-01-12 11:49:58.804317,11,Mobilité,Parking P+R,Parc-Relais Galin,279,279,100.0
2026-01-12 11:49:58.804317,11,Mobilité,Parking P+R,Parc-Relais La Gardette Nord,145,242,59.9
2026-01-12 11:49:58.804317,11,Mobilité,Parking Centre,Tourny,683,950,71.9
2026-01-12 11:49:58.804317,11,Mobilité,Parking P+R,Parc-Relais La Gardette Sud,32,151,21.2
2026-01-12 11:49:58.804317,11,Mobilité,Parking P+R,Parc-Relais Brandenburg,208,211,98.6
2026-01-12 11:49:58.804317,11,Mobilité,Parking Centre,Bourse - Jaures,512,1300,39.4
2026-01-12 11:49:58.804317,11,Mobilité,Parking P+R,Parc-Relais Arlac,1,393,0.3
2026-01-12 11:49:58.804317,11,Mobilité,Parking P+R,Parc-Relais Quatre Chemins,196,396,49.5
2026-01-12 12:21:02.146310,12,Piscine,Sport,Judaïque - Est,0,500,0.0
2026-01-12 12:21:02.146310,12,Piscine,Sport,Judaïque - Ouest,0,500,0.0
2026-01-12 12:21:02.146310,12,Mobilité,Parking Centre,Tourny,715,950,75.3
2026-01-12 12:21:02.146310,12,Mobilité,Parking Centre,Bourse - Jaures,546,1300,42.0
2026-01-12 12:21:02.146310,12,Mobilité,Parking P+R,Parc-Relais Arlac,0,393,0.0
2026-01-12 12:21:02.146310,12,Mobilité,Parking P+R,Parc-Relais Quatre Chemins,197,396,49.7
2026-01-12 12:21:02.146310,12,Mobilité,Parking P+R,Parc-Relais Brandenburg,211,211,100.0
2026-01-12 12:21:02.146310,12,Mobilité,Parking P+R,Parc-Relais La Gardette Nord,145,242,59.9
2026-01-12 12:21:02.146310,12,Mobilité,Parking Centre,Victor Hugo,453,634,71.5
2026-01-12 12:21:02.146310,12,Mobilité,Parking Centre,Grands Hommes,221,415,53.3
2026-01-12 12:21:02.146310,12,Mobilité,Parking P+R,Parc-Relais Ravezies Le Bouscat,313,366,85.5
2026-01-12 12:21:02.146310,12,Mobilité,Parking P+R,Parc-Relais La Gardette Sud,34,151,22.5
2026-01-12 12:21:02.146310,12,Mobilité,Parking P+R,Parc-Relais Stalingrad,120,120,100.0
2026-01-12 12:21:02.146310,12,Mobilité,Parking P+R,Parc-Relais Galin,279,279,100.0
2026-01-12 13:24:08.015585,13,Piscine,Sport,Judaïque - Est,0,500,0.0
2026-01-12 13:24:08.015585,13,Piscine,Sport,Judaïque - Ouest,0,500,0.0
2026-01-12 13:24:08.015585,13,Mobilité,Parking P+R,Parc-Relais Brandenburg,207,211,98.1
2026-01-12 13:24:08.015585,13,Mobilité,Parking Centre,Bourse - Jaures,552,1300,42.5
2026-01-12 13:24:08.015585,13,Mobilité,Parking P+R,Parc-Relais Arlac,0,393,0.0
2026-01-12 13:24:08.015585,13,Mobilité,Parking P+R,Parc-Relais Galin,279,279,100.0
2026-01-12 13:24:08.015585,13,Mobilité,Parking P+R,Parc-Relais La Gardette Sud,37,151,24.5
2026-01-12 13:24:08.015585,13,Mobilité,Parking P+R,Parc-Relais Stalingrad,120,120,100.0
2026-01-12 13:24:08.015585,13,Mobilité,Parking P+R,Parc-Relais La Gardette Nord,147,242,60.7
2026-01-12 13:24:08.015585,13,Mobilité,Parking Centre,Victor Hugo,442,634,69.7
2026-01-12 13:24:08.015585,13,Mobilité,Parking Centre,Tourny,730,950,76.8
2026-01-12 13:24:08.015585,13,Mobilité,Parking Centre,Grands Hommes,232,415,55.9
2026-01-12 13:24:08.015585,13,Mobilité,Parking P+R,Parc-Relais Ravezies Le Bouscat,317,366,86.6
2026-01-12 13:24:08.015585,13,Mobilité,Parking P+R,Parc-Relais Quatre Chemins,206,396,52.0
2026-01-12 13:58:16.239606,13,Piscine,Sport,Judaïque - Est,0,500,0.0
2026-01-12 13:58:16.239606,13,Piscine,Sport,Judaïque - Ouest,0,500,0.0
2026-01-12 13:58:16.239606,13,Mobilité,Parking P+R,Parc-Relais La Gardette Nord,143,242,59.1
2026-01-12 13:58:16.239606,13,Mobilité,Parking P+R,Parc-Relais Ravezies Le Bouscat,315,366,86.1
2026-01-12 13:58:16.239606,13,Mobilité,Parking P+R,Parc-Relais Quatre Chemins,201,396,50.8
2026-01-12 13:58:16.239606,13,Mobilité,Parking P+R,Parc-Relais Brandenburg,205,211,97.2
2026-01-12 13:58:16.239606,13,Mobilité,Parking Centre,Tourny,762,950,80.2
2026-01-12 13:58:16.239606,13,Mobilité,Parking Centre,Grands Hommes,246,415,59.3
2026-01-12 13:58:16.239606,13,Mobilité,Parking Centre,Bourse - Jaures,567,1300,43.6
2026-01-12 13:58:16.239606,13,Mobilité,Parking P+R,Parc-Relais La Gardette Sud,37,151,24.5
2026-01-12 13:58:16.239606,13,Mobilité,Parking P+R,Parc-Relais Galin,276,279,98.9
2026-01-12 13:58:16.239606,13,Mobilité,Parking Centre,Victor Hugo,436,634,68.8
2026-01-12 13:58:16.239606,13,Mobilité,Parking P+R,Parc-Relais Arlac,0,393,0.0
2026-01-12 13:58:16.239606,13,Mobilité,Parking P+R,Parc-Relais Stalingrad,116,120,96.7
2026-01-12 14:36:56.718037,14,Piscine,Sport,Judaïque - Ouest,0,500,0.0
2026-01-12 14:36:56.718037,14,Piscine,Sport,Judaïque - Est,0,500,0.0
2026-01-12 14:36:56.718037,14,Mobilité,Parking Centre,Victor Hugo,438,634,69.1
2026-01-12 14:36:56.718037,14,Mobilité,Parking Centre,Tourny,765,950,80.5
2026-01-12 14:36:56.718037,14,Mobilité,Parking Centre,Bourse - Jaures,551,1300,42.4
2026-01-12 14:36:56.718037,14,Mobilité,Parking P+R,Parc-Relais Ravezies Le Bouscat,311,366,85.0
2026-01-12 14:36:56.718037,14,Mobilité,Parking P+R,Parc-Relais La Gardette Sud,36,151,23.8
2026-01-12 14:36:56.718037,14,Mobilité,Parking P+R,Parc-Relais Quatre Chemins,194,396,49.0
2026-01-12 14:36:56.718037,14,Mobilité,Parking P+R,Parc-Relais Stalingrad,116,120,96.7
2026-01-12 14:36:56.718037,14,Mobilité,Parking P+R,Parc-Relais Galin,266,279,95.3
2026-01-12 14:36:56.718037,14,Mobilité,Parking P+R,Parc-Relais Brandenburg,205,211,97.2
2026-01-12 14:36:56.718037,14,Mobilité,Parking P+R,Parc-Relais La Gardette Nord,141,242,58.3
2026-01-12 14:36:56.718037,14,Mobilité,Parking Centre,Grands Hommes,242,415,58.3
2026-01-12 14:36:56.718037,14,Mobilité,Parking P+R,Parc-Relais Arlac,-1,393,-0.3
2026-01-12 14:58:55.894462,14,Piscine,Sport,Judaïque - Ouest,29,500,5.8
2026-01-12 14:58:55.894462,14,Piscine,Sport,Judaïque - Est,0,500,0.0
2026-01-12 14:58:55.894462,14,Mobilité,Parking P+R,Parc-Relais Brandenburg,206,211,97.6
2026-01-12 14:58:55.894462,14,Mobilité,Parking Centre,Victor Hugo,433,634,68.3
2026-01-12 14:58:55.894462,14,Mobilité,Parking P+R,Parc-Relais La Gardette Sud,37,151,24.5
2026-01-12 14:58:55.894462,14,Mobilité,Parking P+R,Parc-Relais Quatre Chemins,192,396,48.5
2026-01-12 14:58:55.894462,14,Mobilité,Parking P+R,Parc-Relais Galin,261,279,93.5
2026-01-12 14:58:55.894462,14,Mobilité,Parking Centre,Tourny,750,950,78.9
2026-01-12 14:58:55.894462,14,Mobilité,Parking P+R,Parc-Relais La Gardette Nord,139,242,57.4
2026-01-12 14:58:55.894462,14,Mobilité,Parking Centre,Grands Hommes,242,415,58.3
2026-01-12 14:58:55.894462,14,Mobilité,Parking Centre,Bourse - Jaures,540,1300,41.5
2026-01-12 14:58:55.894462,14,Mobilité,Parking P+R,Parc-Relais Ravezies Le Bouscat,307,366,83.9
2026-01-12 14:58:55.894462,14,Mobilité,Parking P+R,Parc-Relais Arlac,-1,393,-0.3
2026-01-12 14:58:55.894462,14,Mobilité,Parking P+R,Parc-Relais Stalingrad,115,120,95.8
2026-01-12 15:35:46.533878,15,Piscine,Sport,Judaïque - Ouest,39,500,7.8
2026-01-12 15:35:46.533878,15,Piscine,Sport,Judaïque - Est,0,500,0.0
2026-01-12 15:35:46.533878,15,Mobilité,Parking Centre,Grands Hommes,216,415,52.0
2026-01-12 15:35:46.533878,15,Mobilité,Parking P+R,Parc-Relais Ravezies Le Bouscat,284,366,77.6
2026-01-12 15:35:46.533878,15,Mobilité,Parking P+R,Parc-Relais Arlac,-1,393,-0.3
2026-01-12 15:35:46.533878,15,Mobilité,Parking P+R,Parc-Relais Brandenburg,190,211,90.0
2026-01-12 15:35:46.533878,15,Mobilité,Parking P+R,Parc-Relais La Gardette Nord,131,242,54.1
2026-01-12 15:35:46.533878,15,Mobilité,Parking Centre,Victor Hugo,412,634,65.0
2026-01-12 15:35:46.533878,15,Mobilité,Parking Centre,Bourse - Jaures,513,1300,39.5
2026-01-12 15:35:46.533878,15,Mobilité,Parking P+R,Parc-Relais La Gardette Sud,37,151,24.5
2026-01-12 15:35:46.533878,15,Mobilité,Parking P+R,Parc-Relais Galin,242,279,86.7
2026-01-12 15:35:46.533878,15,Mobilité,Parking Centre,Tourny,709,950,74.6
2026-01-12 15:35:46.533878,15,Mobilité,Parking P+R,Parc-Relais Quatre Chemins,180,396,45.5
2026-01-12 15:35:46.533878,15,Mobilité,Parking P+R,Parc-Relais Stalingrad,100,120,83.3
2026-01-12 15:56:04.592980,15,Piscine,Sport,Judaïque - Ouest,49,500,9.8
2026-01-12 15:56:04.592980,15,Piscine,Sport,Judaïque - Est,0,500,0.0
2026-01-12 15:56:04.592980,15,Mobilité,Parking Centre,Tourny,699,950,73.6
2026-01-12 15:56:04.592980,15,Mobilité,Parking Centre,Grands Hommes,208,415,50.1
2026-01-12 15:56:04.592980,15,Mobilité,Parking P+R,Parc-Relais Quatre Chemins,160,396,40.4
2026-01-12 15:56:04.592980,15,Mobilité,Parking P+R,Parc-Relais Stalingrad,98,120,81.7
2026-01-12 15:56:04.592980,15,Mobilité,Parking Centre,Bourse - Jaures,500,1300,38.5
2026-01-12 15:56:04.592980,15,Mobilité,Parking P+R,Parc-Relais Galin,208,279,74.6
2026-01-12 15:56:04.592980,15,Mobilité,Parking P+R,Parc-Relais Brandenburg,176,211,83.4
2026-01-12 15:56:04.592980,15,Mobilité,Parking P+R,Parc-Relais La Gardette Nord,119,242,49.2
2026-01-12 15:56:04.592980,15,Mobilité,Parking Centre,Victor Hugo,419,634,66.1
2026-01-12 15:56:04.592980,15,Mobilité,Parking P+R,Parc-Relais Ravezies Le Bouscat,259,366,70.8
2026-01-12 15:56:04.592980,15,Mobilité,Parking P+R,Parc-Relais La Gardette Sud,32,151,21.2
2026-01-12 15:56:04.592980,15,Mobilité,Parking P+R,Parc-Relais Arlac,-1,393,-0.3
2026-01-12 16:32:58.965685,16,Piscine,Sport,Judaïque - Ouest,115,500,23.0
2026-01-12 16:32:58.965685,16,Piscine,Sport,Judaïque - Est,0,500,0.0
2026-01-12 16:32:58.965685,16,Mobilité,Parking P+R,Parc-Relais La Gardette Nord,90,242,37.2
2026-01-12 16:32:58.965685,16,Mobilité,Parking Centre,Tourny,652,950,68.6
2026-01-12 16:32:58.965685,16,Mobilité,Parking Centre,Grands Hommes,181,415,43.6
2026-01-12 16:32:58.965685,16,Mobilité,Parking Centre,Bourse - Jaures,475,1300,36.5
2026-01-12 16:32:58.965685,16,Mobilité,Parking P+R,Parc-Relais Ravezies Le Bouscat,209,366,57.1
2026-01-12 16:32:58.965685,16,Mobilité,Parking P+R,Parc-Relais Arlac,-1,393,-0.3
2026-01-12 16:32:58.965685,16,Mobilité,Parking P+R,Parc-Relais Brandenburg,138,211,65.4
2026-01-12 16:32:58.965685,16,Mobilité,Parking Centre,Victor Hugo,431,634,68.0
2026-01-12 16:32:58.965685,16,Mobilité,Parking P+R,Parc-Relais Quatre Chemins,137,396,34.6
2026-01-12 16:32:58.965685,16,Mobilité,Parking P+R,Parc-Relais Stalingrad,103,120,85.8
2026-01-12 16:32:58.965685,16,Mobilité,Parking P+R,Parc-Relais La Gardette Sud,27,151,17.9
2026-01-12 16:32:58.965685,16,Mobilité,Parking P+R,Parc-Relais Galin,158,279,56.6
2026-01-12 16:59:38.165821,16,Piscine,Sport,Judaïque - Ouest,124,500,24.8
2026-01-12 16:59:38.165821,16,Piscine,Sport,Judaïque - Est,0,500,0.0
2026-01-12 16:59:38.165821,16,Mobilité,Parking Centre,Bourse - Jaures,458,1300,35.2
2026-01-12 16:59:38.165821,16,Mobilité,Parking P+R,Parc-Relais Arlac,-1,393,-0.3
2026-01-12 16:59:38.165821,16,Mobilité,Parking P+R,Parc-Relais Brandenburg,107,211,50.7
2026-01-12 16:59:38.165821,16,Mobilité,Parking P+R,Parc-Relais La Gardette Nord,81,242,33.5
2026-01-12 16:59:38.165821,16,Mobilité,Parking Centre,Tourny,608,950,64.0
2026-01-12 16:59:38.165821,16,Mobilité,Parking P+R,Parc-Relais La Gardette Sud,24,151,15.9
2026-01-12 16:59:38.165821,16,Mobilité,Parking Centre,Victor Hugo,420,634,66.2
2026-01-12 16:59:38.165821,16,Mobilité,Parking Centre,Grands Hommes,161,415,38.8
2026-01-12 16:59:38.165821,16,Mobilité,Parking P+R,Parc-Relais Ravezies Le Bouscat,166,366,45.4
2026-01-12 16:59:38.165821,16,Mobilité,Parking P+R,Parc-Relais Quatre Chemins,126,396,31.8
2026-01-12 16:59:38.165821,16,Mobilité,Parking P+R,Parc-Relais Stalingrad,104,120,86.7
2026-01-12 16:59:38.165821,16,Mobilité,Parking P+R,Parc-Relais Galin,115,279,41.2
2026-01-12 17:33:21.118567,17,Piscine,Sport,Judaïque - Ouest,99,500,19.8
2026-01-12 17:33:21.118567,17,Piscine,Sport,Judaïque - Est,0,500,0.0
2026-01-12 17:33:21.118567,17,Mobilité,Parking P+R,Parc-Relais La Gardette Nord,47,242,19.4
2026-01-12 17:33:21.118567,17,Mobilité,Parking Centre,Victor Hugo,414,634,65.3
2026-01-12 17:33:21.118567,17,Mobilité,Parking Centre,Tourny,563,950,59.3
2026-01-12 17:33:21.118567,17,Mobilité,Parking Centre,Bourse - Jaures,418,1300,32.2
2026-01-12 17:33:21.118567,17,Mobilité,Parking P+R,Parc-Relais La Gardette Sud,14,151,9.3
2026-01-12 17:33:21.118567,17,Mobilité,Parking P+R,Parc-Relais Arlac,0,393,0.0
2026-01-12 17:33:21.118567,17,Mobilité,Parking P+R,Parc-Relais Stalingrad,99,120,82.5
2026-01-12 17:33:21.118567,17,Mobilité,Parking P+R,Parc-Relais Galin,70,279,25.1
2026-01-12 17:33:21.118567,17,Mobilité,Parking P+R,Parc-Relais Ravezies Le Bouscat,105,366,28.7
2026-01-12 17:33:21.118567,17,Mobilité,Parking P+R,Parc-Relais Brandenburg,70,211,33.2
2026-01-12 17:33:21.118567,17,Mobilité,Parking Centre,Grands Hommes,139,415,33.5
2026-01-12 17:33:21.118567,17,Mobilité,Parking P+R,Parc-Relais Quatre Chemins,81,396,20.5
2026-01-12 17:50:25.223312,17,Piscine,Sport,Judaïque - Ouest,99,500,19.8
2026-01-12 17:50:25.223312,17,Piscine,Sport,Judaïque - Est,0,500,0.0
2026-01-12 17:50:25.223312,17,Mobilité,Parking Centre,Tourny,541,950,56.9
2026-01-12 17:50:25.223312,17,Mobilité,Parking Centre,Grands Hommes,131,415,31.6
2026-01-12 17:50:25.223312,17,Mobilité,Parking P+R,Parc-Relais La Gardette Sud,13,151,8.6
2026-01-12 17:50:25.223312,17,Mobilité,Parking P+R,Parc-Relais Arlac,0,393,0.0
2026-01-12 17:50:25.223312,17,Mobilité,Parking P+R,Parc-Relais Quatre Chemins,61,396,15.4
2026-01-12 17:50:25.223312,17,Mobilité,Parking P+R,Parc-Relais Galin,54,279,19.4
2026-01-12 17:50:25.223312,17,Mobilité,Parking P+R,Parc-Relais Brandenburg,57,211,27.0
2026-01-12 17:50:25.223312,17,Mobilité,Parking P+R,Parc-Relais La Gardette Nord,45,242,18.6
2026-01-12 17:50:25.223312,17,Mobilité,Parking Centre,Victor Hugo,420,634,66.2
2026-01-12 17:50:25.223312,17,Mobilité,Parking Centre,Bourse - Jaures,401,1300,30.8
2026-01-12 17:50:25.223312,17,Mobilité,Parking P+R,Parc-Relais Ravezies Le Bouscat,87,366,23.8
2026-01-12 17:50:25.223312,17,Mobilité,Parking P+R,Parc-Relais Stalingrad,99,120,82.5
2026-01-12 18:36:08.153419,18,Piscine,Sport,Judaïque - Est,0,500,0.0
2026-01-12 18:36:08.153419,18,Piscine,Sport,Judaïque - Ouest,128,500,25.6
2026-01-12 18:36:08.153419,18,Mobilité,Parking Centre,Grands Hommes,116,415,28.0
2026-01-12 18:36:08.153419,18,Mobilité,Parking Centre,Bourse - Jaures,363,1300,27.9
2026-01-12 18:36:08.153419,18,Mobilité,Parking P+R,Parc-Relais Ravezies Le Bouscat,51,366,13.9
2026-01-12 18:36:08.153419,18,Mobilité,Parking P+R,Parc-Relais La Gardette Sud,6,151,4.0
2026-01-12 18:36:08.153419,18,Mobilité,Parking P+R,Parc-Relais Quatre Chemins,34,396,8.6
2026-01-12 18:36:08.153419,18,Mobilité,Parking P+R,Parc-Relais Stalingrad,99,120,82.5
2026-01-12 18:36:08.153419,18,Mobilité,Parking P+R,Parc-Relais Brandenburg,37,211,17.5
2026-01-12 18:36:08.153419,18,Mobilité,Parking P+R,Parc-Relais La Gardette Nord,26,242,10.7
2026-01-12 18:36:08.153419,18,Mobilité,Parking Centre,Victor Hugo,420,634,66.2
2026-01-12 18:36:08.153419,18,Mobilité,Parking Centre,Tourny,457,950,48.1
2026-01-12 18:36:08.153419,18,Mobilité,Parking P+R,Parc-Relais Arlac,-1,393,-0.3
2026-01-12 18:36:08.153419,18,Mobilité,Parking P+R,Parc-Relais Galin,31,279,11.1
2026-01-12 19:01:01.210423,19,Piscine,Sport,Judaïque - Ouest,133,500,26.6
2026-01-12 19:01:01.210423,19,Piscine,Sport,Judaïque - Est,0,500,0.0
2026-01-12 19:01:01.210423,19,Mobilité,Parking P+R,Parc-Relais Brandenburg,32,211,15.2
2026-01-12 19:01:01.210423,19,Mobilité,Parking P+R,Parc-Relais La Gardette Nord,20,242,8.3
2026-01-12 19:01:01.210423,19,Mobilité,Parking Centre,Victor Hugo,425,634,67.0
2026-01-12 19:01:01.210423,19,Mobilité,Parking P+R,Parc-Relais La Gardette Sud,5,151,3.3
2026-01-12 19:01:01.210423,19,Mobilité,Parking P+R,Parc-Relais Arlac,-1,393,-0.3
2026-01-12 19:01:01.210423,19,Mobilité,Parking P+R,Parc-Relais Stalingrad,97,120,80.8
2026-01-12 19:01:01.210423,19,Mobilité,Parking Centre,Bourse - Jaures,354,1300,27.2
2026-01-12 19:01:01.210423,19,Mobilité,Parking P+R,Parc-Relais Galin,31,279,11.1
2026-01-12 19:01:01.210423,19,Mobilité,Parking Centre,Tourny,427,950,44.9
2026-01-12 19:01:01.210423,19,Mobilité,Parking Centre,Grands Hommes,116,415,28.0
2026-01-12 19:01:01.210423,19,Mobilité,Parking P+R,Parc-Relais Ravezies Le Bouscat,31,366,8.5
2026-01-12 19:01:01.210423,19,Mobilité,Parking P+R,Parc-Relais Quatre Chemins,20,396,5.1
2026-01-12 19:29:53.335934,19,Piscine,Sport,Judaïque - Ouest,116,500,23.2
2026-01-12 19:29:53.335934,19,Piscine,Sport,Judaïque - Est,0,500,0.0
2026-01-12 19:29:53.335934,19,Mobilité,Parking P+R,Parc-Relais Galin,29,279,10.4
2026-01-12 19:29:53.335934,19,Mobilité,Parking P+R,Parc-Relais Brandenburg,29,211,13.7
2026-01-12 19:29:53.335934,19,Mobilité,Parking Centre,Tourny,418,950,44.0
2026-01-12 19:29:53.335934,19,Mobilité,Parking Centre,Grands Hommes,110,415,26.5
2026-01-12 19:29:53.335934,19,Mobilité,Parking P+R,Parc-Relais Ravezies Le Bouscat,26,366,7.1
2026-01-12 19:29:53.335934,19,Mobilité,Parking P+R,Parc-Relais La Gardette Sud,5,151,3.3
2026-01-12 19:29:53.335934,19,Mobilité,Parking P+R,Parc-Relais Stalingrad,97,120,80.8
2026-01-12 19:29:53.335934,19,Mobilité,Parking P+R,Parc-Relais La Gardette Nord,16,242,6.6
2026-01-12 19:29:53.335934,19,Mobilité,Parking Centre,Victor Hugo,428,634,67.5
2026-01-12 19:29:53.335934,19,Mobilité,Parking Centre,Bourse - Jaures,364,1300,28.0
2026-01-12 19:29:53.335934,19,Mobilité,Parking P+R,Parc-Relais Arlac,-1,393,-0.3
2026-01-12 19:29:53.335934,19,Mobilité,Parking P+R,Parc-Relais Quatre Chemins,16,396,4.0
2026-01-12 19:44:44.408952,19,Piscine,Sport,Judaïque - Ouest,102,500,20.4
2026-01-12 19:44:44.408952,19,Piscine,Sport,Judaïque - Est,0,500,0.0
2026-01-12 19:44:44.408952,19,Mobilité,Parking P+R,Parc-Relais Ravezies Le Bouscat,19,366,5.2
2026-01-12 19:44:44.408952,19,Mobilité,Parking P+R,Parc-Relais La Gardette Sud,4,151,2.6
2026-01-12 19:44:44.408952,19,Mobilité,Parking Centre,Victor Hugo,433,634,68.3
2026-01-12 19:44:44.408952,19,Mobilité,Parking Centre,Tourny,415,950,43.7
2026-01-12 19:44:44.408952,19,Mobilité,Parking Centre,Grands Hommes,104,415,25.1
2026-01-12 19:44:44.408952,19,Mobilité,Parking Centre,Bourse - Jaures,381,1300,29.3
2026-01-12 19:44:44.408952,19,Mobilité,Parking P+R,Parc-Relais Galin,27,279,9.7
2026-01-12 19:44:44.408952,19,Mobilité,Parking P+R,Parc-Relais Brandenburg,26,211,12.3
2026-01-12 19:44:44.408952,19,Mobilité,Parking P+R,Parc-Relais La Gardette Nord,15,242,6.2
2026-01-12 19:44:44.408952,19,Mobilité,Parking P+R,Parc-Relais Arlac,-1,393,-0.3
2026-01-12 19:44:44.408952,19,Mobilité,Parking P+R,Parc-Relais Quatre Chemins,12,396,3.0
2026-01-12 19:44:44.408952,19,Mobilité,Parking P+R,Parc-Relais Stalingrad,95,120,79.2
2026-01-12 19:56:35.385953,19,Piscine,Sport,Judaïque - Ouest,78,500,15.6
2026-01-12 19:56:35.385953,19,Piscine,Sport,Judaïque - Est,0,500,0.0
2026-01-12 19:56:35.385953,19,Mobilité,Parking P+R,Parc-Relais Brandenburg,23,211,10.9
2026-01-12 19:56:35.385953,19,Mobilité,Parking Centre,Bourse - Jaures,386,1300,29.7
2026-01-12 19:56:35.385953,19,Mobilité,Parking P+R,Parc-Relais Arlac,-1,393,-0.3
2026-01-12 19:56:35.385953,19,Mobilité,Parking P+R,Parc-Relais Stalingrad,95,120,79.2
2026-01-12 19:56:35.385953,19,Mobilité,Parking P+R,Parc-Relais Galin,28,279,10.0
2026-01-12 19:56:35.385953,19,Mobilité,Parking Centre,Tourny,394,950,41.5
2026-01-12 19:56:35.385953,19,Mobilité,Parking Centre,Grands Hommes,101,415,24.3
2026-01-12 19:56:35.385953,19,Mobilité,Parking P+R,Parc-Relais La Gardette Sud,3,151,2.0
2026-01-12 19:56:35.385953,19,Mobilité,Parking P+R,Parc-Relais La Gardette Nord,15,242,6.2
2026-01-12 19:56:35.385953,19,Mobilité,Parking Centre,Victor Hugo,430,634,67.8
2026-01-12 19:56:35.385953,19,Mobilité,Parking P+R,Parc-Relais Ravezies Le Bouscat,14,366,3.8
2026-01-12 19:56:35.385953,19,Mobilité,Parking P+R,Parc-Relais Quatre Chemins,9,396,2.3
2026-01-12 20:31:35.652283,20,Piscine,Sport,Judaïque - Ouest,54,500,10.8
2026-01-12 20:31:35.652283,20,Piscine,Sport,Judaïque - Est,0,500,0.0
2026-01-12 20:31:35.652283,20,Mobilité,Parking P+R,Parc-Relais Ravezies Le Bouscat,11,366,3.0
2026-01-12 20:31:35.652283,20,Mobilité,Parking P+R,Parc-Relais Galin,25,279,9.0
2026-01-12 20:31:35.652283,20,Mobilité,Parking Centre,Victor Hugo,433,634,68.3
2026-01-12 20:31:35.652283,20,Mobilité,Parking P+R,Parc-Relais Arlac,-1,393,-0.3
2026-01-12 20:31:35.652283,20,Mobilité,Parking P+R,Parc-Relais Quatre Chemins,7,396,1.8
2026-01-12 20:31:35.652283,20,Mobilité,Parking P+R,Parc-Relais Stalingrad,95,120,79.2
2026-01-12 20:31:35.652283,20,Mobilité,Parking P+R,Parc-Relais Brandenburg,23,211,10.9
2026-01-12 20:31:35.652283,20,Mobilité,Parking P+R,Parc-Relais La Gardette Nord,13,242,5.4
2026-01-12 20:31:35.652283,20,Mobilité,Parking Centre,Tourny,379,950,39.9
2026-01-12 20:31:35.652283,20,Mobilité,Parking Centre,Grands Hommes,103,415,24.8
2026-01-12 20:31:35.652283,20,Mobilité,Parking Centre,Bourse - Jaures,393,1300,30.2
2026-01-12 20:31:35.652283,20,Mobilité,Parking P+R,Parc-Relais La Gardette Sud,3,151,2.0
2026-01-12 20:53:11.374883,20,Piscine,Sport,Judaïque - Ouest,51,500,10.2
2026-01-12 20:53:11.374883,20,Piscine,Sport,Judaïque - Est,0,500,0.0
2026-01-12 20:53:11.374883,20,Mobilité,Parking P+R,Parc-Relais Brandenburg,24,211,11.4
2026-01-12 20:53:11.374883,20,Mobilité,Parking Centre,Tourny,379,950,39.9
2026-01-12 20:53:11.374883,20,Mobilité,Parking P+R,Parc-Relais La Gardette Sud,3,151,2.0
2026-01-12 20:53:11.374883,20,Mobilité,Parking P+R,Parc-Relais Arlac,-1,393,-0.3
2026-01-12 20:53:11.374883,20,Mobilité,Parking P+R,Parc-Relais Quatre Chemins,4,396,1.0
2026-01-12 20:53:11.374883,20,Mobilité,Parking P+R,Parc-Relais Stalingrad,96,120,80.0
2026-01-12 20:53:11.374883,20,Mobilité,Parking Centre,Victor Hugo,428,634,67.5
2026-01-12 20:53:11.374883,20,Mobilité,Parking Centre,Grands Hommes,101,415,24.3
2026-01-12 20:53:11.374883,20,Mobilité,Parking Centre,Bourse - Jaures,389,1300,29.9
2026-01-12 20:53:11.374883,20,Mobilité,Parking P+R,Parc-Relais Ravezies Le Bouscat,6,366,1.6
2026-01-12 20:53:11.374883,20,Mobilité,Parking P+R,Parc-Relais Galin,24,279,8.6
2026-01-12 20:53:11.374883,20,Mobilité,Parking P+R,Parc-Relais La Gardette Nord,12,242,5.0
2026-01-12 21:24:02.743778,21,Piscine,Sport,Judaïque - Est,0,500,0.0
2026-01-12 21:24:02.743778,21,Piscine,Sport,Judaïque - Ouest,36,500,7.2
2026-01-12 21:24:02.743778,21,Mobilité,Parking Centre,Tourny,374,950,39.4
2026-01-12 21:24:02.743778,21,Mobilité,Parking Centre,Grands Hommes,97,415,23.4
2026-01-12 21:24:02.743778,21,Mobilité,Parking P+R,Parc-Relais Quatre Chemins,3,396,0.8
2026-01-12 21:24:02.743778,21,Mobilité,Parking P+R,Parc-Relais Galin,20,279,7.2
2026-01-12 21:24:02.743778,21,Mobilité,Parking Centre,Bourse - Jaures,372,1300,28.6
2026-01-12 21:24:02.743778,21,Mobilité,Parking P+R,Parc-Relais Ravezies Le Bouscat,6,366,1.6
2026-01-12 21:24:02.743778,21,Mobilité,Parking P+R,Parc-Relais Brandenburg,24,211,11.4
2026-01-12 21:24:02.743778,21,Mobilité,Parking P+R,Parc-Relais La Gardette Nord,11,242,4.5
2026-01-12 21:24:02.743778,21,Mobilité,Parking Centre,Victor Hugo,421,634,66.4
2026-01-12 21:24:02.743778,21,Mobilité,Parking P+R,Parc-Relais La Gardette Sud,3,151,2.0
2026-01-12 21:24:02.743778,21,Mobilité,Parking P+R,Parc-Relais Arlac,-1,393,-0.3
2026-01-12 21:24:02.743778,21,Mobilité,Parking P+R,Parc-Relais Stalingrad,96,120,80.0
2026-01-12 21:43:33.960921,21,Piscine,Sport,Judaïque - Est,0,500,0.0
2026-01-12 21:43:33.960921,21,Piscine,Sport,Judaïque - Ouest,36,500,7.2
2026-01-12 21:43:33.960921,21,Mobilité,Parking P+R,Parc-Relais La Gardette Nord,11,242,4.5
2026-01-12 21:43:33.960921,21,Mobilité,Parking Centre,Bourse - Jaures,359,1300,27.6
2026-01-12 21:43:33.960921,21,Mobilité,Parking P+R,Parc-Relais La Gardette Sud,3,151,2.0
2026-01-12 21:43:33.960921,21,Mobilité,Parking P+R,Parc-Relais Arlac,-1,393,-0.3
2026-01-12 21:43:33.960921,21,Mobilité,Parking Centre,Tourny,364,950,38.3
2026-01-12 21:43:33.960921,21,Mobilité,Parking P+R,Parc-Relais Quatre Chemins,2,396,0.5
2026-01-12 21:43:33.960921,21,Mobilité,Parking P+R,Parc-Relais Galin,16,279,5.7
2026-01-12 21:43:33.960921,21,Mobilité,Parking P+R,Parc-Relais Brandenburg,23,211,10.9
2026-01-12 21:43:33.960921,21,Mobilité,Parking Centre,Victor Hugo,417,634,65.8
2026-01-12 21:43:33.960921,21,Mobilité,Parking Centre,Grands Hommes,96,415,23.1
2026-01-12 21:43:33.960921,21,Mobilité,Parking P+R,Parc-Relais Ravezies Le Bouscat,6,366,1.6
2026-01-12 21:43:33.960921,21,Mobilité,Parking P+R,Parc-Relais Stalingrad,95,120,79.2
2026-01-12 21:56:39.597125,21,Piscine,Sport,Judaïque - Ouest,36,500,7.2
2026-01-12 21:56:39.597125,21,Piscine,Sport,Judaïque - Est,0,500,0.0
2026-01-12 21:56:39.597125,21,Mobilité,Parking P+R,Parc-Relais Brandenburg,21,211,10.0
2026-01-12 21:56:39.597125,21,Mobilité,Parking Centre,Bourse - Jaures,351,1300,27.0
2026-01-12 21:56:39.597125,21,Mobilité,Parking P+R,Parc-Relais La Gardette Sud,2,151,1.3
2026-01-12 21:56:39.597125,21,Mobilité,Parking Centre,Victor Hugo,418,634,65.9
2026-01-12 21:56:39.597125,21,Mobilité,Parking P+R,Parc-Relais Ravezies Le Bouscat,5,366,1.4
2026-01-12 21:56:39.597125,21,Mobilité,Parking P+R,Parc-Relais Quatre Chemins,1,396,0.3
2026-01-12 21:56:39.597125,21,Mobilité,Parking P+R,Parc-Relais Stalingrad,95,120,79.2
2026-01-12 21:56:39.597125,21,Mobilité,Parking P+R,Parc-Relais La Gardette Nord,11,242,4.5
2026-01-12 21:56:39.597125,21,Mobilité,Parking Centre,Tourny,361,950,38.0
2026-01-12 21:56:39.597125,21,Mobilité,Parking Centre,Grands Hommes,93,415,22.4
2026-01-12 21:56:39.597125,21,Mobilité,Parking P+R,Parc-Relais Arlac,-1,393,-0.3
2026-01-12 21:56:39.597125,21,Mobilité,Parking P+R,Parc-Relais Galin,15,279,5.4
2026-01-12 22:24:22.904173,22,Piscine,Sport,Judaïque - Est,0,500,0.0
2026-01-12 22:24:22.904173,22,Piscine,Sport,Judaïque - Ouest,36,500,7.2
2026-01-12 22:24:22.904173,22,Mobilité,Parking P+R,Parc-Relais Brandenburg,20,211,9.5
2026-01-12 22:24:22.904173,22,Mobilité,Parking P+R,Parc-Relais La Gardette Nord,10,242,4.1
2026-01-12 22:24:22.904173,22,Mobilité,Parking Centre,Tourny,340,950,35.8
2026-01-12 22:24:22.904173,22,Mobilité,Parking Centre,Grands Hommes,91,415,21.9
2026-01-12 22:24:22.904173,22,Mobilité,Parking Centre,Bourse - Jaures,332,1300,25.5
2026-01-12 22:24:22.904173,22,Mobilité,Parking P+R,Parc-Relais Arlac,-1,393,-0.3
2026-01-12 22:24:22.904173,22,Mobilité,Parking P+R,Parc-Relais Quatre Chemins,0,396,0.0
2026-01-12 22:24:22.904173,22,Mobilité,Parking P+R,Parc-Relais Stalingrad,95,120,79.2
2026-01-12 22:24:22.904173,22,Mobilité,Parking P+R,Parc-Relais La Gardette Sud,0,151,0.0
2026-01-12 22:24:22.904173,22,Mobilité,Parking P+R,Parc-Relais Galin,13,279,4.7
2026-01-12 22:24:22.904173,22,Mobilité,Parking Centre,Victor Hugo,419,634,66.1
2026-01-12 22:24:22.904173,22,Mobilité,Parking P+R,Parc-Relais Ravezies Le Bouscat,4,366,1.1
2026-01-12 22:44:24.602949,22,Piscine,Sport,Judaïque - Est,0,500,0.0
2026-01-12 22:44:24.602949,22,Piscine,Sport,Judaïque - Ouest,36,500,7.2
2026-01-12 22:44:24.602949,22,Mobilité,Parking P+R,Parc-Relais Brandenburg,19,211,9.0
2026-01-12 22:44:24.602949,22,Mobilité,Parking P+R,Parc-Relais La Gardette Nord,10,242,4.1
2026-01-12 22:44:24.602949,22,Mobilité,Parking Centre,Tourny,333,950,35.1
2026-01-12 22:44:24.602949,22,Mobilité,Parking P+R,Parc-Relais La Gardette Sud,0,151,0.0
2026-01-12 22:44:24.602949,22,Mobilité,Parking P+R,Parc-Relais Quatre Chemins,-2,396,-0.5
2026-01-12 22:44:24.602949,22,Mobilité,Parking P+R,Parc-Relais Stalingrad,97,120,80.8
2026-01-12 22:44:24.602949,22,Mobilité,Parking Centre,Victor Hugo,415,634,65.5
2026-01-12 22:44:24.602949,22,Mobilité,Parking Centre,Grands Hommes,91,415,21.9
2026-01-12 22:44:24.602949,22,Mobilité,Parking P+R,Parc-Relais Arlac,-1,393,-0.3
2026-01-12 22:44:24.602949,22,Mobilité,Parking Centre,Bourse - Jaures,322,1300,24.8
2026-01-12 22:44:24.602949,22,Mobilité,Parking P+R,Parc-Relais Ravezies Le Bouscat,4,366,1.1
2026-01-12 22:44:24.602949,22,Mobilité,Parking P+R,Parc-Relais Galin,11,279,3.9
2026-01-12 22:56:41.086113,22,Piscine,Sport,Judaïque - Est,0,500,0.0
2026-01-12 22:56:41.086113,22,Piscine,Sport,Judaïque - Ouest,36,500,7.2
2026-01-12 22:56:41.086113,22,Mobilité,Parking Centre,Bourse - Jaures,311,1300,23.9
2026-01-12 22:56:41.086113,22,Mobilité,Parking P+R,Parc-Relais Ravezies Le Bouscat,4,366,1.1
2026-01-12 22:56:41.086113,22,Mobilité,Parking P+R,Parc-Relais Quatre Chemins,-2,396,-0.5
2026-01-12 22:56:41.086113,22,Mobilité,Parking P+R,Parc-Relais Galin,11,279,3.9
2026-01-12 22:56:41.086113,22,Mobilité,Parking P+R,Parc-Relais Brandenburg,18,211,8.5
2026-01-12 22:56:41.086113,22,Mobilité,Parking P+R,Parc-Relais Stalingrad,98,120,81.7
2026-01-12 22:56:41.086113,22,Mobilité,Parking P+R,Parc-Relais La Gardette Nord,9,242,3.7
2026-01-12 22:56:41.086113,22,Mobilité,Parking Centre,Victor Hugo,415,634,65.5
2026-01-12 22:56:41.086113,22,Mobilité,Parking Centre,Tourny,325,950,34.2
2026-01-12 22:56:41.086113,22,Mobilité,Parking Centre,Grands Hommes,91,415,21.9
2026-01-12 22:56:41.086113,22,Mobilité,Parking P+R,Parc-Relais La Gardette Sud,0,151,0.0
2026-01-12 22:56:41.086113,22,Mobilité,Parking P+R,Parc-Relais Arlac,-1,393,-0.3
2026-01-12 23:21:58.200680,23,Piscine,Sport,Judaïque - Ouest,0,500,0.0
2026-01-12 23:21:58.200680,23,Piscine,Sport,Judaïque - Est,0,500,0.0
2026-01-12 23:21:58.200680,23,Mobilité,Parking Centre,Grands Hommes,91,415,21.9
2026-01-12 23:21:58.200680,23,Mobilité,Parking P+R,Parc-Relais Quatre Chemins,-2,396,-0.5
2026-01-12 23:21:58.200680,23,Mobilité,Parking P+R,Parc-Relais Brandenburg,18,211,8.5
2026-01-12 23:21:58.200680,23,Mobilité,Parking Centre,Tourny,323,950,34.0
2026-01-12 23:21:58.200680,23,Mobilité,Parking Centre,Bourse - Jaures,298,1300,22.9
2026-01-12 23:21:58.200680,23,Mobilité,Parking P+R,Parc-Relais Ravezies Le Bouscat,4,366,1.1
2026-01-12 23:21:58.200680,23,Mobilité,Parking P+R,Parc-Relais Arlac,-1,393,-0.3
2026-01-12 23:21:58.200680,23,Mobilité,Parking P+R,Parc-Relais Stalingrad,97,120,80.8
2026-01-12 23:21:58.200680,23,Mobilité,Parking P+R,Parc-Relais Galin,9,279,3.2
2026-01-12 23:21:58.200680,23,Mobilité,Parking P+R,Parc-Relais La Gardette Nord,9,242,3.7
2026-01-12 23:21:58.200680,23,Mobilité,Parking Centre,Victor Hugo,413,634,65.1
2026-01-12 23:21:58.200680,23,Mobilité,Parking P+R,Parc-Relais La Gardette Sud,0,151,0.0
2026-01-12 23:40:22.469580,23,Piscine,Sport,Judaïque - Ouest,0,500,0.0
2026-01-12 23:40:22.469580,23,Piscine,Sport,Judaïque - Est,0,500,0.0
2026-01-12 23:40:22.469580,23,Mobilité,Parking P+R,Parc-Relais La Gardette Nord,9,242,3.7
2026-01-12 23:40:22.469580,23,Mobilité,Parking Centre,Victor Hugo,412,634,65.0
2026-01-12 23:40:22.469580,23,Mobilité,Parking Centre,Tourny,320,950,33.7
2026-01-12 23:40:22.469580,23,Mobilité,Parking P+R,Parc-Relais Stalingrad,97,120,80.8
2026-01-12 23:40:22.469580,23,Mobilité,Parking P+R,Parc-Relais Brandenburg,18,211,8.5
2026-01-12 23:40:22.469580,23,Mobilité,Parking Centre,Grands Hommes,91,415,21.9
2026-01-12 23:40:22.469580,23,Mobilité,Parking P+R,Parc-Relais Arlac,-1,393,-0.3
2026-01-12 23:40:22.469580,23,Mobilité,Parking P+R,Parc-Relais Quatre Chemins,-2,396,-0.5
2026-01-12 23:40:22.469580,23,Mobilité,Parking P+R,Parc-Relais Galin,9,279,3.2
2026-01-12 23:40:22.469580,23,Mobilité,Parking Centre,Bourse - Jaures,296,1300,22.8
2026-01-12 23:40:22.469580,23,Mobilité,Parking P+R,Parc-Relais Ravezies Le Bouscat,4,366,1.1
2026-01-12 23:40:22.469580,23,Mobilité,Parking P+R,Parc-Relais La Gardette Sud,0,151,0.0
2026-01-12 23:56:46.391845,23,Piscine,Sport,Judaïque - Ouest,0,500,0.0
2026-01-12 23:56:46.391845,23,Piscine,Sport,Judaïque - Est,0,500,0.0
2026-01-12 23:56:46.391845,23,Mobilité,Parking P+R,Parc-Relais Brandenburg,18,211,8.5
2026-01-12 23:56:46.391845,23,Mobilité,Parking Centre,Victor Hugo,411,634,64.8
2026-01-12 23:56:46.391845,23,Mobilité,Parking Centre,Tourny,321,950,33.8
2026-01-12 23:56:46.391845,23,Mobilité,Parking Centre,Grands Hommes,91,415,21.9
2026-01-12 23:56:46.391845,23,Mobilité,Parking P+R,Parc-Relais Ravezies Le Bouscat,4,366,1.1
2026-01-12 23:56:46.391845,23,Mobilité,Parking P+R,Parc-Relais La Gardette Sud,0,151,0.0
2026-01-12 23:56:46.391845,23,Mobilité,Parking P+R,Parc-Relais Galin,9,279,3.2
2026-01-12 23:56:46.391845,23,Mobilité,Parking P+R,Parc-Relais Quatre Chemins,-2,396,-0.5
2026-01-12 23:56:46.391845,23,Mobilité,Parking P+R,Parc-Relais Stalingrad,97,120,80.8
2026-01-12 23:56:46.391845,23,Mobilité,Parking P+R,Parc-Relais La Gardette Nord,8,242,3.3
2026-01-12 23:56:46.391845,23,Mobilité,Parking Centre,Bourse - Jaures,296,1300,22.8
2026-01-12 23:56:46.391845,23,Mobilité,Parking P+R,Parc-Relais Arlac,-1,393,-0.3
2026-01-13 02:06:09.756163,2,Piscine,Sport,Judaïque - Est,0,500,0.0
2026-01-13 02:06:09.756163,2,Piscine,Sport,Judaïque - Ouest,0,500,0.0
2026-01-13 02:06:09.756163,2,Mobilité,Parking Centre,Grands Hommes,91,415,21.9
2026-01-13 02:06:09.756163,2,Mobilité,Parking P+R,Parc-Relais La Gardette Sud,0,151,0.0
2026-01-13 02:06:09.756163,2,Mobilité,Parking P+R,Parc-Relais Galin,9,279,3.2
2026-01-13 02:06:09.756163,2,Mobilité,Parking P+R,Parc-Relais La Gardette Nord,8,242,3.3
2026-01-13 02:06:09.756163,2,Mobilité,Parking Centre,Victor Hugo,358,634,56.5
2026-01-13 02:06:09.756163,2,Mobilité,Parking P+R,Parc-Relais Stalingrad,97,120,80.8
2026-01-13 02:06:09.756163,2,Mobilité,Parking P+R,Parc-Relais Brandenburg,18,211,8.5
2026-01-13 02:06:09.756163,2,Mobilité,Parking Centre,Tourny,317,950,33.4
2026-01-13 02:06:09.756163,2,Mobilité,Parking Centre,Bourse - Jaures,293,1300,22.5
2026-01-13 02:06:09.756163,2,Mobilité,Parking P+R,Parc-Relais Ravezies Le Bouscat,3,366,0.8
2026-01-13 02:06:09.756163,2,Mobilité,Parking P+R,Parc-Relais Arlac,-2,393,-0.5
2026-01-13 02:06:09.756163,2,Mobilité,Parking P+R,Parc-Relais Quatre Chemins,-2,396,-0.5
2026-01-13 03:45:42.346052,3,Piscine,Sport,Judaïque - Ouest,0,500,0.0
2026-01-13 03:45:42.346052,3,Piscine,Sport,Judaïque - Est,0,500,0.0
2026-01-13 03:45:42.346052,3,Mobilité,Parking P+R,Parc-Relais Brandenburg,0,211,0.0
2026-01-13 03:45:42.346052,3,Mobilité,Parking P+R,Parc-Relais La Gardette Nord,0,242,0.0
2026-01-13 03:45:42.346052,3,Mobilité,Parking P+R,Parc-Relais Ravezies Le Bouscat,0,366,0.0
2026-01-13 03:45:42.346052,3,Mobilité,Parking Centre,Victor Hugo,358,634,56.5
2026-01-13 03:45:42.346052,3,Mobilité,Parking Centre,Bourse - Jaures,290,1300,22.3
2026-01-13 03:45:42.346052,3,Mobilité,Parking P+R,Parc-Relais Quatre Chemins,1,396,0.3
2026-01-13 03:45:42.346052,3,Mobilité,Parking P+R,Parc-Relais Stalingrad,1,120,0.8
2026-01-13 03:45:42.346052,3,Mobilité,Parking Centre,Tourny,315,950,33.2
2026-01-13 03:45:42.346052,3,Mobilité,Parking Centre,Grands Hommes,90,415,21.7
2026-01-13 03:45:42.346052,3,Mobilité,Parking P+R,Parc-Relais La Gardette Sud,0,151,0.0
2026-01-13 03:45:42.346052,3,Mobilité,Parking P+R,Parc-Relais Arlac,1,393,0.3
2026-01-13 03:45:42.346052,3,Mobilité,Parking P+R,Parc-Relais Galin,2,279,0.7
2026-01-13 04:28:54.398475,4,Piscine,Sport,Judaïque - Est,0,500,0.0
2026-01-13 04:28:54.398475,4,Piscine,Sport,Judaïque - Ouest,0,500,0.0
2026-01-13 04:28:54.398475,4,Mobilité,Parking P+R,Parc-Relais Brandenburg,8,211,3.8
2026-01-13 04:28:54.398475,4,Mobilité,Parking Centre,Tourny,315,950,33.2
2026-01-13 04:28:54.398475,4,Mobilité,Parking P+R,Parc-Relais Arlac,1,393,0.3
2026-01-13 04:28:54.398475,4,Mobilité,Parking P+R,Parc-Relais Quatre Chemins,4,396,1.0
2026-01-13 04:28:54.398475,4,Mobilité,Parking P+R,Parc-Relais Galin,18,279,6.5
2026-01-13 04:28:54.398475,4,Mobilité,Parking P+R,Parc-Relais Ravezies Le Bouscat,9,366,2.5
2026-01-13 04:28:54.398475,4,Mobilité,Parking P+R,Parc-Relais La Gardette Nord,6,242,2.5
2026-01-13 04:28:54.398475,4,Mobilité,Parking Centre,Victor Hugo,357,634,56.3
2026-01-13 04:28:54.398475,4,Mobilité,Parking Centre,Grands Hommes,90,415,21.7
2026-01-13 04:28:54.398475,4,Mobilité,Parking Centre,Bourse - Jaures,291,1300,22.4
2026-01-13 04:28:54.398475,4,Mobilité,Parking P+R,Parc-Relais La Gardette Sud,0,151,0.0
2026-01-13 04:28:54.398475,4,Mobilité,Parking P+R,Parc-Relais Stalingrad,20,120,16.7
2026-01-13 05:00:37.684411,5,Piscine,Sport,Judaïque - Ouest,0,500,0.0
2026-01-13 05:00:37.684411,5,Piscine,Sport,Judaïque - Est,0,500,0.0
2026-01-13 05:00:37.684411,5,Mobilité,Parking Centre,Tourny,315,950,33.2
2026-01-13 05:00:37.684411,5,Mobilité,Parking Centre,Grands Hommes,92,415,22.2
2026-01-13 05:00:37.684411,5,Mobilité,Parking P+R,Parc-Relais La Gardette Sud,1,151,0.7
2026-01-13 05:00:37.684411,5,Mobilité,Parking P+R,Parc-Relais Quatre Chemins,5,396,1.3
2026-01-13 05:00:37.684411,5,Mobilité,Parking P+R,Parc-Relais Brandenburg,9,211,4.3
2026-01-13 05:00:37.684411,5,Mobilité,Parking Centre,Victor Hugo,356,634,56.2
2026-01-13 05:00:37.684411,5,Mobilité,Parking P+R,Parc-Relais La Gardette Nord,12,242,5.0
2026-01-13 05:00:37.684411,5,Mobilité,Parking Centre,Bourse - Jaures,290,1300,22.3
2026-01-13 05:00:37.684411,5,Mobilité,Parking P+R,Parc-Relais Ravezies Le Bouscat,10,366,2.7
2026-01-13 05:00:37.684411,5,Mobilité,Parking P+R,Parc-Relais Arlac,0,393,0.0
2026-01-13 05:00:37.684411,5,Mobilité,Parking P+R,Parc-Relais Stalingrad,23,120,19.2
2026-01-13 05:00:37.684411,5,Mobilité,Parking P+R,Parc-Relais Galin,22,279,7.9
2026-01-13 05:39:15.686146,5,Piscine,Sport,Judaïque - Ouest,0,500,0.0
2026-01-13 05:39:15.686146,5,Piscine,Sport,Judaïque - Est,0,500,0.0
2026-01-13 05:39:15.686146,5,Mobilité,Parking P+R,Parc-Relais Quatre Chemins,10,396,2.5
2026-01-13 05:39:15.686146,5,Mobilité,Parking P+R,Parc-Relais Stalingrad,35,120,29.2
2026-01-13 05:39:15.686146,5,Mobilité,Parking Centre,Tourny,315,950,33.2
2026-01-13 05:39:15.686146,5,Mobilité,Parking Centre,Grands Hommes,92,415,22.2
2026-01-13 05:39:15.686146,5,Mobilité,Parking P+R,Parc-Relais Ravezies Le Bouscat,19,366,5.2
2026-01-13 05:39:15.686146,5,Mobilité,Parking P+R,Parc-Relais La Gardette Sud,2,151,1.3
2026-01-13 05:39:15.686146,5,Mobilité,Parking P+R,Parc-Relais Galin,47,279,16.8
2026-01-13 05:39:15.686146,5,Mobilité,Parking P+R,Parc-Relais Brandenburg,12,211,5.7
2026-01-13 05:39:15.686146,5,Mobilité,Parking P+R,Parc-Relais La Gardette Nord,24,242,9.9
2026-01-13 05:39:15.686146,5,Mobilité,Parking Centre,Victor Hugo,357,634,56.3
2026-01-13 05:39:15.686146,5,Mobilité,Parking Centre,Bourse - Jaures,287,1300,22.1
2026-01-13 05:39:15.686146,5,Mobilité,Parking P+R,Parc-Relais Arlac,-1,393,-0.3
2026-01-13 05:54:35.031704,5,Piscine,Sport,Judaïque - Ouest,0,500,0.0
2026-01-13 05:54:35.031704,5,Piscine,Sport,Judaïque - Est,0,500,0.0
2026-01-13 05:54:35.031704,5,Mobilité,Parking P+R,Parc-Relais Ravezies Le Bouscat,28,366,7.7
2026-01-13 05:54:35.031704,5,Mobilité,Parking P+R,Parc-Relais La Gardette Sud,4,151,2.6
2026-01-13 05:54:35.031704,5,Mobilité,Parking P+R,Parc-Relais Arlac,0,393,0.0
2026-01-13 05:54:35.031704,5,Mobilité,Parking P+R,Parc-Relais Quatre Chemins,12,396,3.0
2026-01-13 05:54:35.031704,5,Mobilité,Parking P+R,Parc-Relais Stalingrad,42,120,35.0
2026-01-13 05:54:35.031704,5,Mobilité,Parking P+R,Parc-Relais Brandenburg,14,211,6.6
2026-01-13 05:54:35.031704,5,Mobilité,Parking P+R,Parc-Relais La Gardette Nord,29,242,12.0
2026-01-13 05:54:35.031704,5,Mobilité,Parking Centre,Victor Hugo,362,634,57.1
2026-01-13 05:54:35.031704,5,Mobilité,Parking Centre,Tourny,315,950,33.2
2026-01-13 05:54:35.031704,5,Mobilité,Parking Centre,Grands Hommes,92,415,22.2
2026-01-13 05:54:35.031704,5,Mobilité,Parking Centre,Bourse - Jaures,287,1300,22.1
2026-01-13 05:54:35.031704,5,Mobilité,Parking P+R,Parc-Relais Galin,53,279,19.0
2026-01-13 06:37:41.688919,6,Piscine,Sport,Judaïque - Est,0,500,0.0
2026-01-13 06:37:41.688919,6,Piscine,Sport,Judaïque - Ouest,44,500,8.8
2026-01-13 06:37:41.688919,6,Mobilité,Parking P+R,Parc-Relais Brandenburg,52,211,24.6
2026-01-13 06:37:41.688919,6,Mobilité,Parking P+R,Parc-Relais Arlac,0,393,0.0
2026-01-13 06:37:41.688919,6,Mobilité,Parking Centre,Tourny,316,950,33.3
2026-01-13 06:37:41.688919,6,Mobilité,Parking Centre,Grands Hommes,94,415,22.7
2026-01-13 06:37:41.688919,6,Mobilité,Parking Centre,Bourse - Jaures,286,1300,22.0
2026-01-13 06:37:41.688919,6,Mobilité,Parking P+R,Parc-Relais Ravezies Le Bouscat,61,366,16.7
2026-01-13 06:37:41.688919,6,Mobilité,Parking P+R,Parc-Relais La Gardette Nord,66,242,27.3
2026-01-13 06:37:41.688919,6,Mobilité,Parking Centre,Victor Hugo,344,634,54.3
2026-01-13 06:37:41.688919,6,Mobilité,Parking P+R,Parc-Relais La Gardette Sud,16,151,10.6
2026-01-13 06:37:41.688919,6,Mobilité,Parking P+R,Parc-Relais Quatre Chemins,44,396,11.1
2026-01-13 06:37:41.688919,6,Mobilité,Parking P+R,Parc-Relais Stalingrad,78,120,65.0
2026-01-13 06:37:41.688919,6,Mobilité,Parking P+R,Parc-Relais Galin,131,279,47.0
2026-01-13 07:02:03.186600,7,Piscine,Sport,Judaïque - Ouest,44,500,8.8
2026-01-13 07:02:03.186600,7,Piscine,Sport,Judaïque - Est,0,500,0.0
2026-01-13 07:02:03.186600,7,Mobilité,Parking P+R,Parc-Relais Brandenburg,94,211,44.5
2026-01-13 07:02:03.186600,7,Mobilité,Parking P+R,Parc-Relais La Gardette Nord,83,242,34.3
2026-01-13 07:02:03.186600,7,Mobilité,Parking Centre,Bourse - Jaures,280,1300,21.5
2026-01-13 07:02:03.186600,7,Mobilité,Parking P+R,Parc-Relais Stalingrad,89,120,74.2
2026-01-13 07:02:03.186600,7,Mobilité,Parking Centre,Victor Hugo,328,634,51.7
2026-01-13 07:02:03.186600,7,Mobilité,Parking Centre,Tourny,316,950,33.3
2026-01-13 07:02:03.186600,7,Mobilité,Parking Centre,Grands Hommes,96,415,23.1
2026-01-13 07:02:03.186600,7,Mobilité,Parking P+R,Parc-Relais Ravezies Le Bouscat,104,366,28.4
2026-01-13 07:02:03.186600,7,Mobilité,Parking P+R,Parc-Relais Quatre Chemins,71,396,17.9
2026-01-13 07:02:03.186600,7,Mobilité,Parking P+R,Parc-Relais La Gardette Sud,20,151,13.2
2026-01-13 07:02:03.186600,7,Mobilité,Parking P+R,Parc-Relais Arlac,0,393,0.0
2026-01-13 07:02:03.186600,7,Mobilité,Parking P+R,Parc-Relais Galin,193,279,69.2
2026-01-13 07:35:19.538417,7,Piscine,Sport,Judaïque - Ouest,20,500,4.0
2026-01-13 07:35:19.538417,7,Piscine,Sport,Judaïque - Est,0,500,0.0
2026-01-13 07:35:19.538417,7,Mobilité,Parking P+R,Parc-Relais Brandenburg,209,211,99.1
2026-01-13 07:35:19.538417,7,Mobilité,Parking Centre,Victor Hugo,323,634,50.9
2026-01-13 07:35:19.538417,7,Mobilité,Parking Centre,Bourse - Jaures,279,1300,21.5
2026-01-13 07:35:19.538417,7,Mobilité,Parking P+R,Parc-Relais Arlac,0,393,0.0
2026-01-13 07:35:19.538417,7,Mobilité,Parking P+R,Parc-Relais Quatre Chemins,123,396,31.1
2026-01-13 07:35:19.538417,7,Mobilité,Parking Centre,Grands Hommes,106,415,25.5
2026-01-13 07:35:19.538417,7,Mobilité,Parking P+R,Parc-Relais Ravezies Le Bouscat,185,366,50.5
2026-01-13 07:35:19.538417,7,Mobilité,Parking P+R,Parc-Relais Stalingrad,96,120,80.0
2026-01-13 07:35:19.538417,7,Mobilité,Parking P+R,Parc-Relais Galin,279,279,100.0
2026-01-13 07:35:19.538417,7,Mobilité,Parking P+R,Parc-Relais La Gardette Nord,119,242,49.2
2026-01-13 07:35:19.538417,7,Mobilité,Parking Centre,Tourny,320,950,33.7
2026-01-13 07:35:19.538417,7,Mobilité,Parking P+R,Parc-Relais La Gardette Sud,29,151,19.2
2026-01-13 07:50:37.736247,7,Piscine,Sport,Judaïque - Ouest,5,500,1.0
2026-01-13 07:50:37.736247,7,Piscine,Sport,Judaïque - Est,0,500,0.0
2026-01-13 07:50:37.736247,7,Mobilité,Parking P+R,Parc-Relais La Gardette Sud,33,151,21.9
2026-01-13 07:50:37.736247,7,Mobilité,Parking P+R,Parc-Relais Brandenburg,211,211,100.0
2026-01-13 07:50:37.736247,7,Mobilité,Parking Centre,Victor Hugo,315,634,49.7
2026-01-13 07:50:37.736247,7,Mobilité,Parking P+R,Parc-Relais Ravezies Le Bouscat,226,366,61.7
2026-01-13 07:50:37.736247,7,Mobilité,Parking P+R,Parc-Relais Galin,279,279,100.0
2026-01-13 07:50:37.736247,7,Mobilité,Parking P+R,Parc-Relais La Gardette Nord,130,242,53.7
2026-01-13 07:50:37.736247,7,Mobilité,Parking Centre,Tourny,325,950,34.2
2026-01-13 07:50:37.736247,7,Mobilité,Parking Centre,Grands Hommes,116,415,28.0
2026-01-13 07:50:37.736247,7,Mobilité,Parking Centre,Bourse - Jaures,272,1300,20.9
2026-01-13 07:50:37.736247,7,Mobilité,Parking P+R,Parc-Relais Arlac,0,393,0.0
2026-01-13 07:50:37.736247,7,Mobilité,Parking P+R,Parc-Relais Quatre Chemins,144,396,36.4
2026-01-13 07:50:37.736247,7,Mobilité,Parking P+R,Parc-Relais Stalingrad,100,120,83.3
2026-01-13 08:34:19.720736,8,Piscine,Sport,Judaïque - Est,0,500,0.0
2026-01-13 08:34:19.720736,8,Piscine,Sport,Judaïque - Ouest,-5,500,-1.0
2026-01-13 08:34:19.720736,8,Mobilité,Parking P+R,Parc-Relais Brandenburg,211,211,100.0
2026-01-13 08:34:19.720736,8,Mobilité,Parking P+R,Parc-Relais La Gardette Nord,148,242,61.2
2026-01-13 08:34:19.720736,8,Mobilité,Parking Centre,Grands Hommes,161,415,38.8
2026-01-13 08:34:19.720736,8,Mobilité,Parking P+R,Parc-Relais Ravezies Le Bouscat,323,366,88.3
2026-01-13 08:34:19.720736,8,Mobilité,Parking P+R,Parc-Relais Stalingrad,120,120,100.0
2026-01-13 08:34:19.720736,8,Mobilité,Parking Centre,Tourny,369,950,38.8
2026-01-13 08:34:19.720736,8,Mobilité,Parking P+R,Parc-Relais La Gardette Sud,36,151,23.8
2026-01-13 08:34:19.720736,8,Mobilité,Parking P+R,Parc-Relais Quatre Chemins,172,396,43.4
2026-01-13 08:34:19.720736,8,Mobilité,Parking Centre,Victor Hugo,319,634,50.3
2026-01-13 08:34:19.720736,8,Mobilité,Parking Centre,Bourse - Jaures,311,1300,23.9
2026-01-13 08:34:19.720736,8,Mobilité,Parking P+R,Parc-Relais Arlac,0,393,0.0
2026-01-13 08:34:19.720736,8,Mobilité,Parking P+R,Parc-Relais Galin,279,279,100.0
2026-01-13 09:00:14.149287,9,Piscine,Sport,Judaïque - Ouest,-5,500,-1.0
2026-01-13 09:00:14.149287,9,Piscine,Sport,Judaïque - Est,0,500,0.0
2026-01-13 09:00:14.149287,9,Mobilité,Parking P+R,Parc-Relais La Gardette Nord,157,242,64.9
2026-01-13 09:00:14.149287,9,Mobilité,Parking Centre,Tourny,430,950,45.3
2026-01-13 09:00:14.149287,9,Mobilité,Parking P+R,Parc-Relais Quatre Chemins,178,396,44.9
2026-01-13 09:00:14.149287,9,Mobilité,Parking P+R,Parc-Relais Galin,279,279,100.0
2026-01-13 09:00:14.149287,9,Mobilité,Parking Centre,Victor Hugo,332,634,52.4
2026-01-13 09:00:14.149287,9,Mobilité,Parking Centre,Grands Hommes,182,415,43.9
2026-01-13 09:00:14.149287,9,Mobilité,Parking Centre,Bourse - Jaures,355,1300,27.3
2026-01-13 09:00:14.149287,9,Mobilité,Parking P+R,Parc-Relais Ravezies Le Bouscat,331,366,90.4
2026-01-13 09:00:14.149287,9,Mobilité,Parking P+R,Parc-Relais La Gardette Sud,39,151,25.8
2026-01-13 09:00:14.149287,9,Mobilité,Parking P+R,Parc-Relais Arlac,1,393,0.3
2026-01-13 09:00:14.149287,9,Mobilité,Parking P+R,Parc-Relais Stalingrad,120,120,100.0
2026-01-13 09:00:14.149287,9,Mobilité,Parking P+R,Parc-Relais Brandenburg,211,211,100.0
2026-01-13 09:37:46.348549,9,Piscine,Sport,Judaïque - Ouest,-5,500,-1.0
2026-01-13 09:37:46.348549,9,Piscine,Sport,Judaïque - Est,0,500,0.0
2026-01-13 09:37:46.348549,9,Mobilité,Parking P+R,Parc-Relais Galin,279,279,100.0
2026-01-13 09:37:46.348549,9,Mobilité,Parking Centre,Tourny,531,950,55.9
2026-01-13 09:37:46.348549,9,Mobilité,Parking P+R,Parc-Relais La Gardette Sud,39,151,25.8
2026-01-13 09:37:46.348549,9,Mobilité,Parking P+R,Parc-Relais Brandenburg,211,211,100.0
2026-01-13 09:37:46.348549,9,Mobilité,Parking P+R,Parc-Relais La Gardette Nord,157,242,64.9
2026-01-13 09:37:46.348549,9,Mobilité,Parking Centre,Victor Hugo,359,634,56.6
2026-01-13 09:37:46.348549,9,Mobilité,Parking Centre,Grands Hommes,218,415,52.5
2026-01-13 09:37:46.348549,9,Mobilité,Parking Centre,Bourse - Jaures,428,1300,32.9
2026-01-13 09:37:46.348549,9,Mobilité,Parking P+R,Parc-Relais Ravezies Le Bouscat,331,366,90.4
2026-01-13 09:37:46.348549,9,Mobilité,Parking P+R,Parc-Relais Arlac,1,393,0.3
2026-01-13 09:37:46.348549,9,Mobilité,Parking P+R,Parc-Relais Quatre Chemins,178,396,44.9
2026-01-13 09:37:46.348549,9,Mobilité,Parking P+R,Parc-Relais Stalingrad,120,120,100.0
2026-01-13 09:55:45.621300,9,Piscine,Sport,Judaïque - Est,0,500,0.0
2026-01-13 09:55:45.621300,9,Piscine,Sport,Judaïque - Ouest,-5,500,-1.0
2026-01-13 09:55:45.621300,9,Mobilité,Parking Centre,Tourny,568,950,59.8
2026-01-13 09:55:45.621300,9,Mobilité,Parking Centre,Grands Hommes,229,415,55.2
2026-01-13 09:55:45.621300,9,Mobilité,Parking P+R,Parc-Relais La Gardette Sud,39,151,25.8
2026-01-13 09:55:45.621300,9,Mobilité,Parking P+R,Parc-Relais La Gardette Nord,157,242,64.9
2026-01-13 09:55:45.621300,9,Mobilité,Parking Centre,Victor Hugo,373,634,58.8
2026-01-13 09:55:45.621300,9,Mobilité,Parking P+R,Parc-Relais Galin,279,279,100.0
2026-01-13 09:55:45.621300,9,Mobilité,Parking P+R,Parc-Relais Brandenburg,211,211,100.0
2026-01-13 09:55:45.621300,9,Mobilité,Parking Centre,Bourse - Jaures,445,1300,34.2
2026-01-13 09:55:45.621300,9,Mobilité,Parking P+R,Parc-Relais Ravezies Le Bouscat,331,366,90.4
2026-01-13 09:55:45.621300,9,Mobilité,Parking P+R,Parc-Relais Arlac,1,393,0.3
2026-01-13 09:55:45.621300,9,Mobilité,Parking P+R,Parc-Relais Quatre Chemins,178,396,44.9
2026-01-13 09:55:45.621300,9,Mobilité,Parking P+R,Parc-Relais Stalingrad,120,120,100.0
2026-01-13 10:28:44.227606,10,Piscine,Sport,Judaïque - Est,0,500,0.0
2026-01-13 10:28:44.227606,10,Piscine,Sport,Judaïque - Ouest,-5,500,-1.0
2026-01-13 10:28:44.227606,10,Mobilité,Parking Centre,Bourse - Jaures,505,1300,38.8
2026-01-13 10:28:44.227606,10,Mobilité,Parking P+R,Parc-Relais Ravezies Le Bouscat,331,366,90.4
2026-01-13 10:28:44.227606,10,Mobilité,Parking P+R,Parc-Relais Galin,279,279,100.0
2026-01-13 10:28:44.227606,10,Mobilité,Parking P+R,Parc-Relais Arlac,1,393,0.3
2026-01-13 10:28:44.227606,10,Mobilité,Parking P+R,Parc-Relais Stalingrad,120,120,100.0
2026-01-13 10:28:44.227606,10,Mobilité,Parking P+R,Parc-Relais Brandenburg,211,211,100.0
2026-01-13 10:28:44.227606,10,Mobilité,Parking P+R,Parc-Relais La Gardette Nord,157,242,64.9
2026-01-13 10:28:44.227606,10,Mobilité,Parking Centre,Victor Hugo,381,634,60.1
2026-01-13 10:28:44.227606,10,Mobilité,Parking Centre,Tourny,644,950,67.8
2026-01-13 10:28:44.227606,10,Mobilité,Parking Centre,Grands Hommes,261,415,62.9
2026-01-13 10:28:44.227606,10,Mobilité,Parking P+R,Parc-Relais La Gardette Sud,39,151,25.8
2026-01-13 10:28:44.227606,10,Mobilité,Parking P+R,Parc-Relais Quatre Chemins,178,396,44.9
2026-01-13 10:52:54.188469,10,Piscine,Sport,Judaïque - Ouest,5,500,1.0
2026-01-13 10:52:54.188469,10,Piscine,Sport,Judaïque - Est,0,500,0.0
2026-01-13 10:52:54.188469,10,Mobilité,Parking P+R,Parc-Relais Brandenburg,211,211,100.0
2026-01-13 10:52:54.188469,10,Mobilité,Parking Centre,Grands Hommes,256,415,61.7
2026-01-13 10:52:54.188469,10,Mobilité,Parking Centre,Bourse - Jaures,554,1300,42.6
2026-01-13 10:52:54.188469,10,Mobilité,Parking P+R,Parc-Relais Ravezies Le Bouscat,331,366,90.4
2026-01-13 10:52:54.188469,10,Mobilité,Parking P+R,Parc-Relais Galin,279,279,100.0
2026-01-13 10:52:54.188469,10,Mobilité,Parking P+R,Parc-Relais La Gardette Nord,157,242,64.9
2026-01-13 10:52:54.188469,10,Mobilité,Parking Centre,Tourny,683,950,71.9
2026-01-13 10:52:54.188469,10,Mobilité,Parking P+R,Parc-Relais Quatre Chemins,178,396,44.9
2026-01-13 10:52:54.188469,10,Mobilité,Parking P+R,Parc-Relais Stalingrad,120,120,100.0
2026-01-13 10:52:54.188469,10,Mobilité,Parking Centre,Victor Hugo,387,634,61.0
2026-01-13 10:52:54.188469,10,Mobilité,Parking P+R,Parc-Relais La Gardette Sud,39,151,25.8
2026-01-13 10:52:54.188469,10,Mobilité,Parking P+R,Parc-Relais Arlac,1,393,0.3
2026-01-13 11:22:40.769037,11,Piscine,Sport,Judaïque - Ouest,128,500,25.6
2026-01-13 11:22:40.769037,11,Piscine,Sport,Judaïque - Est,0,500,0.0
2026-01-13 11:22:40.769037,11,Mobilité,Parking P+R,Parc-Relais La Gardette Nord,157,242,64.9
2026-01-13 11:22:40.769037,11,Mobilité,Parking P+R,Parc-Relais Ravezies Le Bouscat,331,366,90.4
2026-01-13 11:22:40.769037,11,Mobilité,Parking P+R,Parc-Relais Arlac,1,393,0.3
2026-01-13 11:22:40.769037,11,Mobilité,Parking Centre,Tourny,738,950,77.7
2026-01-13 11:22:40.769037,11,Mobilité,Parking Centre,Grands Hommes,257,415,61.9
2026-01-13 11:22:40.769037,11,Mobilité,Parking P+R,Parc-Relais Quatre Chemins,178,396,44.9
2026-01-13 11:22:40.769037,11,Mobilité,Parking P+R,Parc-Relais Galin,279,279,100.0
2026-01-13 11:22:40.769037,11,Mobilité,Parking P+R,Parc-Relais Brandenburg,211,211,100.0
2026-01-13 11:22:40.769037,11,Mobilité,Parking Centre,Victor Hugo,398,634,62.8
2026-01-13 11:22:40.769037,11,Mobilité,Parking Centre,Bourse - Jaures,578,1300,44.5
2026-01-13 11:22:40.769037,11,Mobilité,Parking P+R,Parc-Relais La Gardette Sud,39,151,25.8
2026-01-13 11:22:40.769037,11,Mobilité,Parking P+R,Parc-Relais Stalingrad,120,120,100.0
2026-01-13 11:43:11.313425,11,Piscine,Sport,Judaïque - Ouest,154,500,30.8
2026-01-13 11:43:11.313425,11,Piscine,Sport,Judaïque - Est,0,500,0.0
2026-01-13 11:43:11.313425,11,Mobilité,Parking P+R,Parc-Relais Brandenburg,211,211,100.0
2026-01-13 11:43:11.313425,11,Mobilité,Parking P+R,Parc-Relais La Gardette Nord,157,242,64.9
2026-01-13 11:43:11.313425,11,Mobilité,Parking Centre,Victor Hugo,413,634,65.1
2026-01-13 11:43:11.313425,11,Mobilité,Parking Centre,Bourse - Jaures,592,1300,45.5
2026-01-13 11:43:11.313425,11,Mobilité,Parking P+R,Parc-Relais Ravezies Le Bouscat,331,366,90.4
2026-01-13 11:43:11.313425,11,Mobilité,Parking P+R,Parc-Relais Quatre Chemins,178,396,44.9
2026-01-13 11:43:11.313425,11,Mobilité,Parking P+R,Parc-Relais La Gardette Sud,39,151,25.8
2026-01-13 11:43:11.313425,11,Mobilité,Parking P+R,Parc-Relais Galin,279,279,100.0
2026-01-13 11:43:11.313425,11,Mobilité,Parking Centre,Tourny,755,950,79.5
2026-01-13 11:43:11.313425,11,Mobilité,Parking Centre,Grands Hommes,279,415,67.2
2026-01-13 11:43:11.313425,11,Mobilité,Parking P+R,Parc-Relais Arlac,1,393,0.3
2026-01-13 11:43:11.313425,11,Mobilité,Parking P+R,Parc-Relais Stalingrad,120,120,100.0
2026-01-13 11:56:23.353021,11,Piscine,Sport,Judaïque - Ouest,153,500,30.6
2026-01-13 11:56:23.353021,11,Piscine,Sport,Judaïque - Est,0,500,0.0
2026-01-13 11:56:23.353021,11,Mobilité,Parking P+R,Parc-Relais Brandenburg,211,211,100.0
2026-01-13 11:56:23.353021,11,Mobilité,Parking Centre,Tourny,766,950,80.6
2026-01-13 11:56:23.353021,11,Mobilité,Parking Centre,Bourse - Jaures,599,1300,46.1
2026-01-13 11:56:23.353021,11,Mobilité,Parking P+R,Parc-Relais La Gardette Nord,157,242,64.9
2026-01-13 11:56:23.353021,11,Mobilité,Parking Centre,Victor Hugo,414,634,65.3
2026-01-13 11:56:23.353021,11,Mobilité,Parking P+R,Parc-Relais La Gardette Sud,39,151,25.8
2026-01-13 11:56:23.353021,11,Mobilité,Parking P+R,Parc-Relais Arlac,1,393,0.3
2026-01-13 11:56:23.353021,11,Mobilité,Parking P+R,Parc-Relais Stalingrad,120,120,100.0
2026-01-13 11:56:23.353021,11,Mobilité,Parking P+R,Parc-Relais Galin,279,279,100.0
2026-01-13 11:56:23.353021,11,Mobilité,Parking Centre,Grands Hommes,283,415,68.2
2026-01-13 11:56:23.353021,11,Mobilité,Parking P+R,Parc-Relais Ravezies Le Bouscat,331,366,90.4
2026-01-13 11:56:23.353021,11,Mobilité,Parking P+R,Parc-Relais Quatre Chemins,178,396,44.9
